period,destination,volume_mmcf,volume_mmbtu
2023-04-01,Antigua and Barbuda,3,3060
2023-04-01,Argentina,11536,11766720
2023-04-01,Bahamas,43,43860
2023-04-01,Bangladesh,0,0
2023-04-01,Barbados,0,0
2023-04-01,Belgium,4844,4940880
2023-04-01,Brazil,3598,3669960
2023-04-01,Chile,0,0
2023-04-01,China,3426,3494520
2023-04-01,Colombia,0,0
2023-04-01,Dominican Republic,6901,7039020
2023-05-01,Antigua and Barbuda,3,3060
2023-05-01,Argentina,26930,27468600
2023-05-01,Bahamas,45,45900
2023-05-01,Bangladesh,3561,3632220
2023-05-01,Barbados,0,0
2023-05-01,Belgium,3809,3885180
2023-05-01,Brazil,4196,4279920
2023-05-01,Chile,6419,6547380
2023-05-01,China,6593,6724860
2023-05-01,Colombia,2847,2903940
2023-05-01,Croatia,2932,2990640
2023-05-01,Dominican Republic,7871,8028420
2023-05-01,El Salvador,0,0
2023-05-01,Finland,6935,7073700
2023-05-01,France,51355,52382100
2023-05-01,Germany,16002,16322040
2023-05-01,Haiti,12,12240
2023-05-01,India,7140,7282800
2023-05-01,Israel,0,0
2023-05-01,Italy,18845,19221900
2023-05-01,Jamaica,289,294780
2023-05-01,Japan,31208,31832160
2023-05-01,Jordan,0,0
2023-05-01,Kuwait,3802,3878040
2023-05-01,Lithuania,7048,7188960
2023-05-01,Malaysia,0,0
2023-05-01,Malta,0,0
2023-05-01,Mexico,0,0
2023-05-01,Netherlands,64538,65828760
2023-05-01,Nicaragua,0,0
2023-05-01,Pakistan,0,0
2023-05-01,Panama,3289,3354780
2023-05-01,Philippines,0,0
2023-05-01,Poland,17422,17770440
2023-05-01,Portugal,10424,10632480
2023-05-01,Russia,0,0
2023-05-01,Spain,12266,12511320
2023-05-01,Taiwan,10262,10467240
2023-05-01,Thailand,0,0
2023-05-01,Turkiye,0,0
2023-05-01,United Arab Emirates,0,0
2023-05-01,United Kingdom,25242,25746840
2023-06-01,Antigua and Barbuda,3,3060
2023-06-01,Argentina,22663,23116260
2023-06-01,Bahamas,45,45900
2023-06-01,Bangladesh,3624,3696480
2023-06-01,Barbados,0,0
2023-06-01,Belgium,6953,7092060
2023-06-01,Brazil,8628,8800560
2023-06-01,Chile,4011,4091220
2023-06-01,China,20261,20666220
2023-06-01,Colombia,0,0
2023-06-01,Croatia,0,0
2023-06-01,Dominican Republic,7443,7591860
2023-06-01,El Salvador,0,0
2023-06-01,Finland,1622,1654440
2023-06-01,France,45569,46480380
2023-06-01,Germany,15769,16084380
2023-06-01,Haiti,6,6120
2023-06-01,India,14488,14777760
2023-06-01,Israel,0,0
2023-06-01,Italy,13959,14238180
2023-06-01,Jamaica,3,3060
2023-06-01,Japan,28031,28591620
2023-06-01,Jordan,0,0
2023-06-01,Kuwait,10670,10883400
2023-06-01,Lithuania,3629,3701580
2023-06-01,Malaysia,0,0
2023-06-01,Malta,0,0
2023-06-01,Mexico,0,0
2023-06-01,Netherlands,45866,46783320
2023-06-01,Nicaragua,0,0
2023-06-01,Pakistan,0,0
2023-06-01,Panama,0,0
2023-06-01,Philippines,0,0
2023-06-01,Poland,18046,18406920
2023-06-01,Portugal,3194,3257880
2023-06-01,Russia,0,0
2023-06-01,Spain,12274,12519480
2023-06-01,Taiwan,6848,6984960
2023-06-01,Thailand,4242,4326840
2023-06-01,Turkiye,0,0
2023-06-01,United Arab Emirates,0,0
2023-07-01,Antigua and Barbuda,4,4080
2023-07-01,Argentina,11162,11385240
2023-07-01,Bahamas,47,47940
2023-07-01,Bangladesh,0,0
2023-07-01,Barbados,0,0
2023-07-01,Belgium,0,0
2023-07-01,Brazil,0,0
2023-07-01,Chile,7144,7286880
2023-07-01,China,35337,36043740
2023-07-01,Colombia,0,0
2023-07-01,Croatia,10121,10323420
2023-07-01,Dominican Republic,6076,6197520
2023-07-01,El Salvador,1,1020
2023-07-01,Finland,3666,3739320
2023-07-01,France,20589,21000780
2023-07-01,Germany,17245,17589900
2023-07-01,Haiti,8,8160
2023-07-01,India,20494,20903880
2023-07-01,Indonesia,1097,1118940
2023-07-01,Israel,0,0
2023-07-01,Italy,13923,14201460
2023-07-01,Jamaica,1443,1471860
2023-07-01,Japan,44016,44896320
2023-07-01,Jordan,3282,3347640
2023-07-01,Kuwait,7081,7222620
2023-07-01,Lithuania,3375,3442500
2023-07-01,Malaysia,0,0
2023-07-01,Malta,0,0
2023-07-01,Mexico,1954,1993080
2023-07-01,Netherlands,53296,54361920
2023-07-01,Nicaragua,0,0
2023-07-01,Pakistan,0,0
2023-07-01,Panama,3295,3360900
2023-07-01,Philippines,0,0
2023-07-01,Poland,3635,3707700
2023-07-01,Portugal,9845,10041900
2023-07-01,Russia,0,0
2023-07-01,Spain,34106,34788120
2023-07-01,Taiwan,13090,13351800
2023-07-01,Thailand,7463,7612260
2023-07-01,Turkiye,0,0
2023-07-01,United Arab Emirates,0,0
2023-08-01,Antigua and Barbuda,5,5100
2023-08-01,Argentina,0,0
2023-08-01,Bahamas,47,47940
2023-08-01,Bangladesh,7095,7236900
2023-08-01,Barbados,0,0
2023-08-01,Belgium,3363,3430260
2023-08-01,Brazil,3287,3352740
2023-08-01,Chile,3065,3126300
2023-08-01,China,14252,14537040
2023-08-01,Colombia,3149,3211980
2023-08-01,Croatia,3023,3083460
2023-08-01,Dominican Republic,10055,10256100
2023-08-01,El Salvador,0,0
2023-08-01,Finland,6630,6762600
2023-08-01,France,34332,35018640
2023-08-01,Germany,20709,21123180
2023-08-01,Haiti,9,9180
2023-08-01,India,13713,13987260
2023-08-01,Indonesia,766,781320
2023-08-01,Israel,0,0
2023-08-01,Italy,21519,21949380
2023-08-01,Jamaica,3,3060
2023-08-01,Japan,31302,31928040
2023-08-01,Jordan,0,0
2023-08-01,Kuwait,3289,3354780
2023-08-01,Lithuania,7005,7145100
2023-08-01,Malaysia,0,0
2023-08-01,Malta,0,0
2023-08-01,Mexico,0,0
2023-08-01,Netherlands,53596,54667920
2023-08-01,Nicaragua,0,0
2023-08-01,Pakistan,0,0
2023-08-01,Panama,0,0
2023-08-01,Philippines,0,0
2023-08-01,Poland,10550,10761000
2023-08-01,Portugal,6660,6793200
2023-08-01,Russia,0,0
2023-08-01,Spain,20023,20423460
2023-08-01,Taiwan,14117,14399340
2023-08-01,Thailand,14793,15088860
2023-08-01,Turkiye,0,0
2023-08-01,United Arab Emirates,0,0
2023-08-01,United Kingdom,3655,3728100
2023-09-01,Antigua and Barbuda,7,7140
2023-09-01,Argentina,0,0
2023-09-01,Bahamas,51,52020
2023-09-01,Bangladesh,0,0
2023-09-01,Barbados,0,0
2023-09-01,Belgium,13697,13970940
2023-09-01,Brazil,6561,6692220
2023-09-01,Chile,0,0
2023-09-01,China,10222,10426440
2023-09-01,Colombia,10322,10528440
2023-09-01,Croatia,10542,10752840
2023-09-01,Dominican Republic,6734,6868680
2023-09-01,El Salvador,0,0
2023-09-01,Finland,7057,7198140
2023-09-01,France,32016,32656320
2023-09-01,Germany,17228,17572560
2023-09-01,Haiti,10,10200
2023-09-01,India,24452,24941040
2023-09-01,Indonesia,489,498780
2023-09-01,Israel,0,0
2023-09-01,Italy,22094,22535880
2023-09-01,Jamaica,4038,4118760
2023-09-01,Japan,33375,34042500
2023-09-01,Jordan,0,0
2023-09-01,Kuwait,6636,6768720
2023-09-01,Lithuania,10666,10879320
2023-09-01,Malaysia,0,0
2023-09-01,Malta,0,0
2023-09-01,Mexico,0,0
2023-09-01,Netherlands,39745,40539900
2023-09-01,Nicaragua,0,0
2023-09-01,Pakistan,0,0
2023-09-01,Panama,3196,3259920
2023-09-01,Philippines,0,0
2023-09-01,Poland,14121,14403420
2023-09-01,Portugal,6135,6257700
2023-09-01,Russia,0,0
2023-09-01,Spain,10234,10438680
2023-09-01,Taiwan,13201,13465020
2023-09-01,Thailand,0,0
2023-09-01,Turkiye,3531,3601620
2023-09-01,United Arab Emirates,0,0
2023-09-01,United Kingdom,7464,7613280
2023-10-01,Antigua and Barbuda,7,7140
2023-10-01,Argentina,0,0
2023-10-01,Bahamas,34,34680
2023-10-01,Bangladesh,0,0
2023-10-01,Barbados,0,0
2023-10-01,Belgium,20775,21190500
2023-10-01,Brazil,3720,3794400
2023-10-01,Chile,0,0
2023-10-01,China,18013,18373260
2023-10-01,Colombia,6689,6822780
2023-10-01,Croatia,0,0
2023-10-01,Dominican Republic,8826,9002520
2023-10-01,El Salvador,0,0
2023-10-01,Finland,0,0
2023-10-01,France,54072,55153440
2023-10-01,Germany,17901,18259020
2023-10-01,Haiti,8,8160
2023-10-01,India,13698,13971960
2023-10-01,Israel,0,0
2023-10-01,Italy,6850,6987000
2023-10-01,Jamaica,1831,1867620
2023-10-01,Japan,24357,24844140
2023-10-01,Jordan,0,0
2023-10-01,Kuwait,0,0
2023-10-01,Lithuania,6476,6605520
2023-10-01,Malaysia,0,0
2023-10-01,Malta,0,0
2023-10-01,Mexico,1776,1811520
2023-10-01,Netherlands,49701,50695020
2023-10-01,Nicaragua,0,0
2023-10-01,Pakistan,0,0
2023-10-01,Panama,0,0
2023-10-01,Philippines,3378,3445560
2023-10-01,Poland,14213,14497260
2023-10-01,Portugal,7125,7267500
2023-10-01,Russia,0,0
2023-10-01,Spain,49792,50787840
2023-10-01,Taiwan,6686,6819720
2023-10-01,Thailand,7538,7688760
2023-10-01,Turkiye,4507,4597140
2023-10-01,United Arab Emirates,0,0
2023-10-01,United Kingdom,24900,25398000
2023-11-01,Antigua and Barbuda,4,4080
2023-11-01,Argentina,0,0
2023-11-01,Bahamas,34,34680
2023-11-01,Bangladesh,3240,3304800
2023-11-01,Barbados,0,0
2023-11-01,Belgium,10288,10493760
2023-11-01,Brazil,3563,3634260
2023-11-01,Chile,0,0
2023-11-01,China,25601,26113020
2023-11-01,Colombia,1844,1880880
2023-11-01,Croatia,9995,10194900
2023-11-01,Dominican Republic,8647,8819940
2023-11-01,El Salvador,0,0
2023-11-01,Finland,3335,3401700
2023-11-01,France,58907,60085140
2023-11-01,Germany,14382,14669640
2023-11-01,Haiti,8,8160
2023-11-01,India,7441,7589820
2023-11-01,Israel,0,0
2023-11-01,Italy,23786,24261720
2023-11-01,Jamaica,122,124440
2023-11-01,Japan,24896,25393920
2023-11-01,Jordan,0,0
2023-11-01,Kuwait,0,0
2023-11-01,Lithuania,0,0
2023-11-01,Malaysia,0,0
2023-11-01,Malta,0,0
2023-11-01,Mexico,0,0
2023-11-01,Netherlands,36150,36873000
2023-11-01,Nicaragua,0,0
2023-11-01,Pakistan,0,0
2023-11-01,Panama,3530,3600600
2023-11-01,Philippines,3445,3513900
2023-11-01,Poland,14500,14790000
2023-11-01,Portugal,3204,3268080
2023-11-01,Russia,0,0
2023-11-01,Spain,17280,17625600
2023-11-01,Taiwan,3104,3166080
2023-11-01,Thailand,7581,7732620
2023-11-01,Turkiye,27560,28111200
2023-11-01,United Arab Emirates,0,0
2023-11-01,United Kingdom,47642,48594840
2023-12-01,Antigua and Barbuda,6,6120
2023-12-01,Argentina,0,0
2023-12-01,Bahamas,32,32640
2023-12-01,Bangladesh,3257,3322140
2023-12-01,Barbados,11,11220
2023-12-01,Belgium,14272,14557440
2023-12-01,Brazil,3708,3782160
2023-12-01,Chile,0,0
2023-12-01,China,13949,14227980
2023-12-01,Colombia,7162,7305240
2023-12-01,Croatia,3050,3111000
2023-12-01,Dominican Republic,3177,3240540
2023-12-01,El Salvador,0,0
2023-12-01,Finland,2762,2817240
2023-12-01,France,40692,41505840
2023-12-01,Germany,19439,19827780
2023-12-01,Haiti,13,13260
2023-12-01,India,17062,17403240
2023-12-01,Israel,0,0
2023-12-01,Italy,21283,21708660
2023-12-01,Jamaica,480,489600
2023-12-01,Japan,27461,28010220
2023-12-01,Jordan,0,0
2023-12-01,Kuwait,0,0
2023-12-01,Lithuania,3409,3477180
2023-12-01,Malaysia,0,0
2023-12-01,Malta,0,0
2023-12-01,Mexico,3660,3733200
2023-12-01,Netherlands,48658,49631160
2023-12-01,Nicaragua,0,0
2023-12-01,Pakistan,3141,3203820
2023-12-01,Panama,328,334560
2023-12-01,Philippines,0,0
2023-12-01,Poland,10862,11079240
2023-12-01,Portugal,2945,3003900
2023-12-01,Russia,0,0
2023-12-01,Spain,15629,15941580
2023-12-01,Taiwan,6655,6788100
2023-12-01,Thailand,3818,3894360
2023-12-01,Turkiye,42304,43150080
2023-12-01,United Arab Emirates,0,0
2023-12-01,United Kingdom,60209,61413180
2024-01-01,Antigua and Barbuda,2,2040
2024-01-01,Argentina,0,0
2024-01-01,Bahamas,42,42840
2024-01-01,Bahrain,0,0
2024-01-01,Bangladesh,0,0
2024-01-01,Barbados,22,22440
2024-01-01,Belgium,14255,14540100
2024-01-01,Brazil,7322,7468440
2024-01-01,Chile,3696,3769920
2024-01-01,China,7944,8102880
2024-01-01,Colombia,6465,6594300
2024-01-01,Croatia,9464,9653280
2024-01-01,Dominican Republic,7489,7638780
2024-01-01,El Salvador,0,0
2024-01-01,Finland,0,0
2024-01-01,France,28049,28609980
2024-01-01,Germany,17371,17718420
2024-01-01,Haiti,16,16320
2024-01-01,India,10685,10898700
2024-01-01,Israel,0,0
2024-01-01,Italy,24767,25262340
2024-01-01,Jamaica,4945,5043900
2024-01-01,Japan,19340,19726800
2024-01-01,Jordan,0,0
2024-01-01,Kuwait,0,0
2024-01-01,Lithuania,1083,1104660
2024-01-01,Malaysia,0,0
2024-01-01,Malta,0,0
2024-01-01,Mauritania,0,0
2024-01-01,Mexico,2602,2654040
2024-01-01,Netherlands,41873,42710460
2024-01-01,Nicaragua,0,0
2024-01-01,Pakistan,0,0
2024-01-01,Panama,3677,3750540
2024-01-01,Philippines,0,0
2024-01-01,Poland,5746,5860920
2024-01-01,Portugal,9503,9693060
2024-01-01,Russia,0,0
2024-01-01,Senegal,0,0
2024-01-01,Spain,38812,39588240
2024-01-01,Taiwan,6555,6686100
2024-01-01,Thailand,7904,8062080
2024-01-01,Turkiye,42693,43546860
2024-01-01,United Arab Emirates,0,0
2024-01-01,United Kingdom,42928,43786560
2024-02-01,Antigua and Barbuda,7,7140
2024-02-01,Argentina,0,0
2024-02-01,Bahamas,34,34680
2024-02-01,Bahrain,0,0
2024-02-01,Bangladesh,0,0
2024-02-01,Barbados,37,37740
2024-02-01,Belgium,9386,9573720
2024-02-01,Brazil,6180,6303600
2024-02-01,Chile,3522,3592440
2024-02-01,China,16312,16638240
2024-02-01,Colombia,6101,6223020
2024-02-01,Croatia,3377,3444540
2024-02-01,Dominican Republic,7106,7248120
2024-02-01,El Salvador,0,0
2024-02-01,Finland,0,0
2024-02-01,France,49363,50350260
2024-02-01,Germany,16715,17049300
2024-02-01,Haiti,6,6120
2024-02-01,India,13530,13800600
2024-02-01,Israel,0,0
2024-02-01,Italy,11455,11684100
2024-02-01,Jamaica,590,601800
2024-02-01,Japan,22827,23283540
2024-02-01,Jordan,0,0
2024-02-01,Kuwait,3175,3238500
2024-02-01,Lithuania,7174,7317480
2024-02-01,Malaysia,0,0
2024-02-01,Malta,0,0
2024-02-01,Mauritania,0,0
2024-02-01,Mexico,87,88740
2024-02-01,Netherlands,45501,46411020
2024-02-01,Nicaragua,0,0
2024-02-01,Pakistan,0,0
2024-02-01,Panama,0,0
2024-02-01,Philippines,0,0
2024-02-01,Poland,10702,10916040
2024-02-01,Portugal,9384,9571680
2024-02-01,Russia,0,0
2024-02-01,Senegal,0,0
2024-02-01,Spain,13660,13933200
2024-02-01,Taiwan,13151,13414020
2024-02-01,Thailand,8809,8985180
2024-02-01,Turkiye,20454,20863080
2024-02-01,United Arab Emirates,0,0
2024-02-01,United Kingdom,34117,34799340
2024-03-01,Antigua and Barbuda,3,3060
2024-03-01,Argentina,0,0
2024-03-01,Bahamas,35,35700
2024-03-01,Bahrain,0,0
2024-03-01,Bangladesh,3281,3346620
2024-03-01,Barbados,29,29580
2024-03-01,Belgium,6899,7036980
2024-03-01,Brazil,0,0
2024-03-01,Chile,6439,6567780
2024-03-01,China,17376,17723520
2024-03-01,Colombia,7974,8133480
2024-03-01,Croatia,10202,10406040
2024-03-01,Dominican Republic,4552,4643040
2024-03-01,El Salvador,0,0
2024-03-01,Finland,0,0
2024-03-01,France,60572,61783440
2024-03-01,Germany,17060,17401200
2024-03-01,Haiti,0,0
2024-03-01,India,13842,14118840
2024-03-01,Israel,0,0
2024-03-01,Italy,10256,10461120
2024-03-01,Jamaica,3,3060
2024-03-01,Japan,28923,29501460
2024-03-01,Jordan,3477,3546540
2024-03-01,Kuwait,7207,7351140
2024-03-01,Lithuania,3641,3713820
2024-03-01,Malaysia,0,0
2024-03-01,Malta,0,0
2024-03-01,Mauritania,0,0
2024-03-01,Mexico,0,0
2024-03-01,Netherlands,57169,58312380
2024-03-01,Nicaragua,0,0
2024-03-01,Pakistan,0,0
2024-03-01,Panama,3448,3516960
2024-03-01,Philippines,0,0
2024-03-01,Poland,3685,3758700
2024-03-01,Portugal,2932,2990640
2024-03-01,Russia,0,0
2024-03-01,Senegal,0,0
2024-03-01,Spain,21849,22285980
2024-03-01,Taiwan,10374,10581480
2024-03-01,Thailand,14737,15031740
2024-03-01,Turkiye,8963,9142260
2024-03-01,United Arab Emirates,0,0
2024-03-01,United Kingdom,13663,13936260
2024-04-01,Antigua and Barbuda,5,5100
2024-04-01,Argentina,8674,8847480
2024-04-01,Bahamas,39,39780
2024-04-01,Bahrain,0,0
2024-04-01,Bangladesh,3289,3354780
2024-04-01,Barbados,16,16320
2024-04-01,Belgium,3247,3311940
2024-04-01,Brazil,1364,1391280
2024-04-01,Chile,5441,5549820
2024-04-01,China,10025,10225500
2024-04-01,Colombia,1444,1472880
2024-04-01,Croatia,0,0
2024-04-01,Dominican Republic,12446,12694920
2024-04-01,El Salvador,0,0
2024-04-01,Finland,3215,3279300
2024-04-01,France,37672,38425440
2024-04-01,Germany,21479,21908580
2024-04-01,Haiti,3,3060
2024-04-01,India,20843,21259860
2024-04-01,Israel,0,0
2024-04-01,Italy,14040,14320800
2024-04-01,Jamaica,3,3060
2024-04-01,Japan,22227,22671540
2024-04-01,Jordan,3652,3725040
2024-04-01,Kuwait,0,0
2024-04-01,Lithuania,0,0
2024-04-01,Malaysia,0,0
2024-04-01,Malta,0,0
2024-04-01,Mauritania,0,0
2024-04-01,Mexico,0,0
2024-04-01,Netherlands,47486,48435720
2024-04-01,Nicaragua,0,0
2024-04-01,Pakistan,0,0
2024-04-01,Panama,3265,3330300
2024-04-01,Philippines,0,0
2024-04-01,Poland,3576,3647520
2024-04-01,Portugal,6469,6598380
2024-04-01,Russia,0,0
2024-04-01,Senegal,0,0
2024-04-01,Spain,10127,10329540
2024-04-01,Taiwan,13347,13613940
2024-04-01,Thailand,19342,19728840
2024-04-01,Turkiye,3057,3118140
2024-04-01,United Arab Emirates,0,0
2024-04-01,United Kingdom,6887,7024740
2024-05-01,Antigua and Barbuda,8,8160
2024-05-01,Argentina,17470,17819400
2024-05-01,Bahamas,52,53040
2024-05-01,Bahrain,0,0
2024-05-01,Bangladesh,0,0
2024-05-01,Barbados,17,17340
2024-05-01,Belgium,0,0
2024-05-01,Brazil,5941,6059820
2024-05-01,Chile,7330,7476600
2024-05-01,China,25863,26380260
2024-05-01,Colombia,436,444720
2024-05-01,Croatia,3570,3641400
2024-05-01,Dominican Republic,5946,6064920
2024-05-01,El Salvador,0,0
2024-05-01,Finland,3321,3387420
2024-05-01,France,19797,20192940
2024-05-01,Germany,26177,26700540
2024-05-01,Haiti,10,10200
2024-05-01,India,45269,46174380
2024-05-01,Indonesia,432,440640
2024-05-01,Israel,0,0
2024-05-01,Italy,10814,11030280
2024-05-01,Jamaica,3,3060
2024-05-01,Japan,41155,41978100
2024-05-01,Jordan,3676,3749520
2024-05-01,Kuwait,7216,7360320
2024-05-01,Lithuania,0,0
2024-05-01,Malaysia,7166,7309320
2024-05-01,Malta,0,0
2024-05-01,Mauritania,0,0
2024-05-01,Mexico,3190,3253800
2024-05-01,Netherlands,37694,38447880
2024-05-01,Nicaragua,0,0
2024-05-01,Pakistan,0,0
2024-05-01,Panama,0,0
2024-05-01,Philippines,0,0
2024-05-01,Poland,14363,14650260
2024-05-01,Portugal,4238,4322760
2024-05-01,Russia,0,0
2024-05-01,Senegal,0,0
2024-05-01,Spain,8399,8566980
2024-05-01,Taiwan,10256,10461120
2024-05-01,Thailand,7289,7434780
2024-05-01,Turkiye,0,0
2024-05-01,United Arab Emirates,3064,3125280
2024-05-01,United Kingdom,7100,7242000
2024-06-01,Antigua and Barbuda,12,12240
2024-06-01,Argentina,10114,10316280
2024-06-01,Bahamas,42,42840
2024-06-01,Bahrain,0,0
2024-06-01,Bangladesh,3294,3359880
2024-06-01,Barbados,20,20400
2024-06-01,Belgium,0,0
2024-06-01,Brazil,14000,14280000
2024-06-01,Chile,7101,7243020
2024-06-01,China,17042,17382840
2024-06-01,Colombia,953,972060
2024-06-01,Croatia,6784,6919680
2024-06-01,Dominican Republic,10812,11028240
2024-06-01,El Salvador,0,0
2024-06-01,Finland,3212,3276240
2024-06-01,France,6630,6762600
2024-06-01,Germany,17970,18329400
2024-06-01,Haiti,20,20400
2024-06-01,India,28782,29357640
2024-06-01,Indonesia,771,786420
2024-06-01,Israel,0,0
2024-06-01,Italy,17597,17948940
2024-06-01,Jamaica,475,484500
2024-06-01,Japan,27862,28419240
2024-06-01,Jordan,3954,4033080
2024-06-01,Kuwait,7574,7725480
2024-06-01,Lithuania,6938,7076760
2024-06-01,Malaysia,0,0
2024-06-01,Malta,0,0
2024-06-01,Mauritania,0,0
2024-06-01,Mexico,33,33660
2024-06-01,Netherlands,34890,35587800
2024-06-01,Nicaragua,0,0
2024-06-01,Pakistan,0,0
2024-06-01,Panama,2375,2422500
2024-06-01,Philippines,3645,3717900
2024-06-01,Poland,17301,17647020
2024-06-01,Portugal,3743,3817860
2024-06-01,Russia,0,0
2024-06-01,Senegal,0,0
2024-06-01,Spain,17364,17711280
2024-06-01,Taiwan,5923,6041460
2024-06-01,Thailand,6811,6947220
2024-06-01,Turkiye,0,0
2024-06-01,United Arab Emirates,0,0
2024-06-01,United Kingdom,6398,6525960
2024-07-01,Antigua and Barbuda,6,6120
2024-07-01,Argentina,11310,11536200
2024-07-01,Bahamas,54,55080
2024-07-01,Bahrain,0,0
2024-07-01,Bangladesh,0,0
2024-07-01,Barbados,18,18360
2024-07-01,Belgium,0,0
2024-07-01,Brazil,3531,3601620
2024-07-01,Chile,10640,10852800
2024-07-01,China,29700,30294000
2024-07-01,Colombia,1376,1403520
2024-07-01,Croatia,0,0
2024-07-01,Dominican Republic,3152,3215040
2024-07-01,El Salvador,0,0
2024-07-01,Finland,3432,3500640
2024-07-01,France,14207,14491140
2024-07-01,Germany,14262,14547240
2024-07-01,Haiti,11,11220
2024-07-01,India,25113,25615260
2024-07-01,Israel,0,0
2024-07-01,Italy,3965,4044300
2024-07-01,Jamaica,1409,1437180
2024-07-01,Japan,30453,31062060
2024-07-01,Jordan,13537,13807740
2024-07-01,Kuwait,0,0
2024-07-01,Lithuania,3334,3400680
2024-07-01,Malaysia,7366,7513320
2024-07-01,Malta,2336,2382720
2024-07-01,Mauritania,517,527340
2024-07-01,Mexico,0,0
2024-07-01,Netherlands,22461,22910220
2024-07-01,Nicaragua,0,0
2024-07-01,Pakistan,0,0
2024-07-01,Panama,0,0
2024-07-01,Philippines,0,0
2024-07-01,Poland,16541,16871820
2024-07-01,Portugal,6314,6440280
2024-07-01,Russia,0,0
2024-07-01,Senegal,517,527340
2024-07-01,Spain,14712,15006240
2024-07-01,Taiwan,12857,13114140
2024-07-01,Thailand,14037,14317740
2024-07-01,Turkiye,0,0
2024-07-01,United Arab Emirates,0,0
2024-07-01,United Kingdom,3703,3777060
2024-08-01,Antigua and Barbuda,7,7140
2024-08-01,Argentina,4270,4355400
2024-08-01,Bahamas,45,45900
2024-08-01,Bahrain,0,0
2024-08-01,Bangladesh,0,0
2024-08-01,Barbados,24,24480
2024-08-01,Belgium,0,0
2024-08-01,Brazil,16737,17071740
2024-08-01,Chile,3695,3768900
2024-08-01,China,28150,28713000
2024-08-01,Colombia,5160,5263200
2024-08-01,Croatia,3654,3727080
2024-08-01,Dominican Republic,9625,9817500
2024-08-01,El Salvador,0,0
2024-08-01,Finland,0,0
2024-08-01,France,8293,8458860
2024-08-01,Germany,14167,14450340
2024-08-01,Haiti,10,10200
2024-08-01,India,24876,25373520
2024-08-01,Indonesia,1030,1050600
2024-08-01,Israel,0,0
2024-08-01,Italy,21124,21546480
2024-08-01,Jamaica,1,1020
2024-08-01,Japan,30289,30894780
2024-08-01,Jordan,3463,3532260
2024-08-01,Kuwait,3294,3359880
2024-08-01,Lithuania,3208,3272160
2024-08-01,Malaysia,3694,3767880
2024-08-01,Malta,0,0
2024-08-01,Mauritania,0,0
2024-08-01,Mexico,751,766020
2024-08-01,Netherlands,37494,38243880
2024-08-01,Nicaragua,0,0
2024-08-01,Pakistan,0,0
2024-08-01,Panama,1945,1983900
2024-08-01,Philippines,0,0
2024-08-01,Poland,11026,11246520
2024-08-01,Portugal,6188,6311760
2024-08-01,Russia,0,0
2024-08-01,Senegal,0,0
2024-08-01,Spain,20877,21294540
2024-08-01,Taiwan,9828,10024560
2024-08-01,Thailand,10917,11135340
2024-08-01,Turkiye,0,0
2024-08-01,United Arab Emirates,0,0
2024-08-01,United Kingdom,13891,14168820
2024-09-01,Antigua and Barbuda,2,2040
2024-09-01,Argentina,0,0
2024-09-01,Bahamas,34,34680
2024-09-01,Bahrain,0,0
2024-09-01,Bangladesh,6328,6454560
2024-09-01,Barbados,23,23460
2024-09-01,Belgium,3372,3439440
2024-09-01,Brazil,21787,22222740
2024-09-01,Chile,0,0
2024-09-01,China,31621,32253420
2024-09-01,Colombia,9766,9961320
2024-09-01,Croatia,0,0
2024-09-01,Dominican Republic,5242,5346840
2024-09-01,El Salvador,0,0
2024-09-01,Finland,0,0
2024-09-01,France,24388,24875760
2024-09-01,Germany,21633,22065660
2024-09-01,Haiti,0,0
2024-09-01,India,31990,32629800
2024-09-01,Indonesia,0,0
2024-09-01,Israel,0,0
2024-09-01,Italy,17217,17561340
2024-09-01,Jamaica,3523,3593460
2024-09-01,Japan,32183,32826660
2024-09-01,Jordan,7116,7258320
2024-09-01,Kuwait,3831,3907620
2024-09-01,Lithuania,6878,7015560
2024-09-01,Malaysia,0,0
2024-09-01,Malta,0,0
2024-09-01,Mauritania,0,0
2024-09-01,Mexico,0,0
2024-09-01,Netherlands,48864,49841280
2024-09-01,Nicaragua,0,0
2024-09-01,Pakistan,0,0
2024-09-01,Panama,2382,2429640
2024-09-01,Philippines,0,0
2024-09-01,Poland,14417,14705340
2024-09-01,Portugal,6435,6563700
2024-09-01,Russia,0,0
2024-09-01,Senegal,0,0
2024-09-01,Spain,14107,14389140
2024-09-01,Taiwan,9647,9839940
2024-09-01,Thailand,0,0
2024-09-01,Turkiye,0,0
2024-09-01,United Arab Emirates,0,0
2024-09-01,United Kingdom,3575,3646500
2024-10-01,Antigua and Barbuda,8,8160
2024-10-01,Argentina,0,0
2024-10-01,Bahamas,43,43860
2024-10-01,Bahrain,0,0
2024-10-01,Bangladesh,10291,10496820
2024-10-01,Barbados,34,34680
2024-10-01,Belgium,3682,3755640
2024-10-01,Brazil,13494,13763880
2024-10-01,Chile,0,0
2024-10-01,China,11448,11676960
2024-10-01,Colombia,5326,5432520
2024-10-01,Croatia,10186,10389720
2024-10-01,Dominican Republic,9688,9881760
2024-10-01,El Salvador,0,0
2024-10-01,Finland,0,0
2024-10-01,France,39630,40422600
2024-10-01,Germany,14707,15001140
2024-10-01,Haiti,0,0
2024-10-01,India,27366,27913320
2024-10-01,Indonesia,428,436560
2024-10-01,Israel,0,0
2024-10-01,Italy,17527,17877540
2024-10-01,Jamaica,1146,1168920
2024-10-01,Japan,30025,30625500
2024-10-01,Jordan,0,0
2024-10-01,Kuwait,2337,2383740
2024-10-01,Lithuania,9983,10182660
2024-10-01,Malaysia,0,0
2024-10-01,Malta,0,0
2024-10-01,Mauritania,0,0
2024-10-01,Mexico,2550,2601000
2024-10-01,Netherlands,32221,32865420
2024-10-01,Nicaragua,0,0
2024-10-01,Pakistan,0,0
2024-10-01,Panama,0,0
2024-10-01,Philippines,0,0
2024-10-01,Poland,10866,11083320
2024-10-01,Portugal,3070,3131400
2024-10-01,Russia,0,0
2024-10-01,Senegal,0,0
2024-10-01,Spain,7021,7161420
2024-10-01,Taiwan,9622,9814440
2024-10-01,Thailand,10743,10957860
2024-10-01,Turkiye,24106,24588120
2024-10-01,United Arab Emirates,0,0
2024-10-01,United Kingdom,13835,14111700
2024-11-01,Antigua and Barbuda,5,5100
2024-11-01,Argentina,0,0
2024-11-01,Bahamas,43,43860
2024-11-01,Bahrain,0,0
2024-11-01,Bangladesh,7108,7250160
2024-11-01,Barbados,10,10200
2024-11-01,Belgium,0,0
2024-11-01,Brazil,9837,10033740
2024-11-01,Chile,2434,2482680
2024-11-01,China,10113,10315260
2024-11-01,Colombia,3243,3307860
2024-11-01,Croatia,0,0
2024-11-01,Dominican Republic,4826,4922520
2024-11-01,El Salvador,1167,1190340
2024-11-01,Finland,0,0
2024-11-01,France,23601,24073020
2024-11-01,Germany,16296,16621920
2024-11-01,Haiti,0,0
2024-11-01,India,6774,6909480
2024-11-01,Indonesia,3392,3459840
2024-11-01,Israel,0,0
2024-11-01,Italy,19322,19708440
2024-11-01,Jamaica,776,791520
2024-11-01,Japan,27725,28279500
2024-11-01,Jordan,0,0
2024-11-01,Kuwait,0,0
2024-11-01,Lithuania,3682,3755640
2024-11-01,Malaysia,0,0
2024-11-01,Malta,2295,2340900
2024-11-01,Mauritania,0,0
2024-11-01,Mexico,0,0
2024-11-01,Netherlands,29842,30438840
2024-11-01,Nicaragua,0,0
2024-11-01,Pakistan,0,0
2024-11-01,Panama,2518,2568360
2024-11-01,Philippines,0,0
2024-11-01,Poland,14011,14291220
2024-11-01,Portugal,6386,6513720
2024-11-01,Russia,0,0
2024-11-01,Senegal,0,0
2024-11-01,Spain,10584,10795680
2024-11-01,Taiwan,10102,10304040
2024-11-01,Thailand,3559,3630180
2024-11-01,Turkiye,47445,48393900
2024-11-01,United Arab Emirates,0,0
2024-11-01,United Kingdom,45444,46352880
2024-12-01,Antigua and Barbuda,8,8160
2024-12-01,Argentina,0,0
2024-12-01,Bahamas,32,32640
2024-12-01,Bahrain,0,0
2024-12-01,Bangladesh,6585,6716700
2024-12-01,Barbados,32,32640
2024-12-01,Belgium,0,0
2024-12-01,Brazil,5654,5767080
2024-12-01,Chile,6095,6216900
2024-12-01,China,7244,7388880
2024-12-01,Colombia,1170,1193400
2024-12-01,Croatia,6241,6365820
2024-12-01,Dominican Republic,9711,9905220
2024-12-01,El Salvador,0,0
2024-12-01,Finland,3655,3728100
2024-12-01,France,42622,43474440
2024-12-01,Germany,14424,14712480
2024-12-01,Haiti,0,0
2024-12-01,India,6975,7114500
2024-12-01,Indonesia,1689,1722780
2024-12-01,Israel,0,0
2024-12-01,Italy,17688,18041760
2024-12-01,Jamaica,327,333540
2024-12-01,Japan,22934,23392680
2024-12-01,Jordan,3695,3768900
2024-12-01,Kuwait,0,0
2024-12-01,Lithuania,3391,3458820
2024-12-01,Malaysia,0,0
2024-12-01,Malta,0,0
2024-12-01,Mauritania,0,0
2024-12-01,Mexico,1986,2025720
2024-12-01,Netherlands,28274,28839480
2024-12-01,Nicaragua,0,0
2024-12-01,Pakistan,0,0
2024-12-01,Panama,0,0
2024-12-01,Philippines,0,0
2024-12-01,Poland,10333,10539660
2024-12-01,Portugal,3068,3129360
2024-12-01,Russia,0,0
2024-12-01,Senegal,0,0
2024-12-01,Spain,33166,33829320
2024-12-01,Taiwan,6501,6631020
2024-12-01,Thailand,3982,4061640
2024-12-01,Turkiye,68550,69921000
2024-12-01,United Arab Emirates,0,0
2024-12-01,United Kingdom,56998,58137960
2025-01-01,Antigua and Barbuda,2,2040
2025-01-01,Argentina,0,0
2025-01-01,Bahamas,36,36720
2025-01-01,Bahrain,0,0
2025-01-01,Bangladesh,3395,3462900
2025-01-01,Barbados,39,39780
2025-01-01,Belgium,6837,6973740
2025-01-01,Brazil,0,0
2025-01-01,Chile,3336,3402720
2025-01-01,China,0,0
2025-01-01,Colombia,0,0
2025-01-01,Croatia,3279,3344580
2025-01-01,Dominican Republic,4163,4246260
2025-01-01,El Salvador,0,0
2025-01-01,Finland,0,0
2025-01-01,France,49610,50602200
2025-01-01,Germany,9370,9557400
2025-01-01,Haiti,0,0
2025-01-01,India,10525,10735500
2025-01-01,Israel,0,0
2025-01-01,Italy,28341,28907820
2025-01-01,Jamaica,1200,1224000
2025-01-01,Japan,3676,3749520
2025-01-01,Jordan,3219,3283380
2025-01-01,Kuwait,0,0
2025-01-01,Lithuania,6887,7024740
2025-01-01,Malaysia,0,0
2025-01-01,Malta,0,0
2025-01-01,Mauritania,0,0
2025-01-01,Mexico,0,0
2025-01-01,Netherlands,35404,36112080
2025-01-01,Nicaragua,0,0
2025-01-01,Pakistan,0,0
2025-01-01,Panama,2467,2516340
2025-01-01,Philippines,0,0
2025-01-01,Poland,25138,25640760
2025-01-01,Portugal,10626,10838520
2025-01-01,Russia,0,0
2025-01-01,Senegal,0,0
2025-01-01,Spain,30300,30906000
2025-01-01,Taiwan,2903,2961060
2025-01-01,Thailand,0,0
2025-01-01,Turkiye,71264,72689280
2025-01-01,United Arab Emirates,0,0
2025-01-01,United Kingdom,62503,63753060
2025-02-01,Antigua and Barbuda,3,3060
2025-02-01,Argentina,0,0
2025-02-01,Bahamas,29,29580
2025-02-01,Bahrain,0,0
2025-02-01,Bangladesh,3500,3570000
2025-02-01,Barbados,22,22440
2025-02-01,Belgium,3541,3611820
2025-02-01,Brazil,9494,9683880
2025-02-01,Chile,0,0
2025-02-01,China,0,0
2025-02-01,Colombia,2260,2305200
2025-02-01,Croatia,6993,7132860
2025-02-01,Dominican Republic,10740,10954800
2025-02-01,El Salvador,0,0
2025-02-01,Finland,3296,3361920
2025-02-01,France,64434,65722680
2025-02-01,Germany,13938,14216760
2025-02-01,Haiti,0,0
2025-02-01,India,6880,7017600
2025-02-01,Israel,0,0
2025-02-01,Italy,20748,21162960
2025-02-01,Jamaica,0,0
2025-02-01,Japan,6417,6545340
2025-02-01,Jordan,6648,6780960
2025-02-01,Kuwait,0,0
2025-02-01,Lithuania,3388,3455760
2025-02-01,Malaysia,0,0
2025-02-01,Malta,0,0
2025-02-01,Mauritania,0,0
2025-02-01,Mexico,0,0
2025-02-01,Netherlands,24794,25289880
2025-02-01,Nicaragua,0,0
2025-02-01,Pakistan,0,0
2025-02-01,Panama,3165,3228300
2025-02-01,Philippines,0,0
2025-02-01,Poland,13702,13976040
2025-02-01,Portugal,3492,3561840
2025-02-01,Russia,0,0
2025-02-01,Senegal,0,0
2025-02-01,Spain,18109,18471180
2025-02-01,Taiwan,3235,3299700
2025-02-01,Thailand,3217,3281340
2025-02-01,Turkiye,73345,74811900
2025-02-01,United Arab Emirates,0,0
2025-02-01,United Kingdom,68675,70048500
2025-03-01,Antigua and Barbuda,3,3060
2025-03-01,Argentina,0,0
2025-03-01,Bahamas,38,38760
2025-03-01,Bahrain,0,0
2025-03-01,Bangladesh,0,0
2025-03-01,Barbados,54,55080
2025-03-01,Belgium,23612,24084240
2025-03-01,Brazil,5084,5185680
2025-03-01,Chile,3365,3432300
2025-03-01,China,0,0
2025-03-01,Colombia,3364,3431280
2025-03-01,Croatia,0,0
2025-03-01,Dominican Republic,7014,7154280
2025-03-01,El Salvador,0,0
2025-03-01,Finland,0,0
2025-03-01,France,70290,71695800
2025-03-01,Germany,21377,21804540
2025-03-01,Haiti,17,17340
2025-03-01,India,13566,13837320
2025-03-01,Israel,0,0
2025-03-01,Italy,31307,31933140
2025-03-01,Jamaica,0,0
2025-03-01,Japan,20019,20419380
2025-03-01,Jordan,10335,10541700
2025-03-01,Kuwait,0,0
2025-03-01,Lithuania,6603,6735060
2025-03-01,Malaysia,0,0
2025-03-01,Malta,2849,2905980
2025-03-01,Mauritania,0,0
2025-03-01,Mexico,0,0
2025-03-01,Netherlands,56814,57950280
2025-03-01,Nicaragua,0,0
2025-03-01,Pakistan,0,0
2025-03-01,Panama,3618,3690360
2025-03-01,Philippines,0,0
2025-03-01,Poland,21292,21717840
2025-03-01,Portugal,3579,3650580
2025-03-01,Russia,0,0
2025-03-01,Senegal,0,0
2025-03-01,Spain,51937,52975740
2025-03-01,Taiwan,6132,6254640
2025-03-01,Thailand,11312,11538240
2025-03-01,Turkiye,10703,10917060
2025-03-01,United Arab Emirates,3690,3763800
2025-03-01,United Kingdom,38489,39258780
2025-04-01,Antigua and Barbuda,5,5100
2025-04-01,Argentina,2129,2171580
2025-04-01,Bahamas,39,39780
2025-04-01,Bahrain,0,0
2025-04-01,Bangladesh,7146,7288920
2025-04-01,Barbados,54,55080
2025-04-01,Belgium,10645,10857900
2025-04-01,Brazil,3283,3348660
2025-04-01,Chile,3421,3489420
2025-04-01,China,0,0
2025-04-01,Colombia,9753,9948060
2025-04-01,Croatia,6780,6915600
2025-04-01,Dominican Republic,4933,5031660
2025-04-01,El Salvador,0,0
2025-04-01,Finland,3359,3426180
2025-04-01,France,52503,53553060
2025-04-01,Germany,28165,28728300
2025-04-01,Haiti,5,5100
2025-04-01,India,10686,10899720
2025-04-01,Israel,0,0
2025-04-01,Italy,24212,24696240
2025-04-01,Jamaica,0,0
2025-04-01,Japan,21105,21527100
2025-04-01,Jordan,3472,3541440
2025-04-01,Kuwait,0,0
2025-04-01,Lithuania,10145,10347900
2025-04-01,Malaysia,0,0
2025-04-01,Malta,0,0
2025-04-01,Mauritania,0,0
2025-04-01,Mexico,3385,3452700
2025-04-01,Netherlands,56009,57129180
2025-04-01,Nicaragua,0,0
2025-04-01,Pakistan,0,0
2025-04-01,Panama,3070,3131400
2025-04-01,Philippines,0,0
2025-04-01,Poland,25432,25940640
2025-04-01,Portugal,3491,3560820
2025-04-01,Russia,0,0
2025-04-01,Senegal,2660,2713200
2025-04-01,Spain,55823,56939460
2025-04-01,Taiwan,10236,10440720
2025-04-01,Thailand,7272,7417440
2025-04-01,Turkiye,3426,3494520
2025-04-01,United Arab Emirates,3557,3628140
2025-04-01,United Kingdom,10462,10671240
2025-05-01,Antigua and Barbuda,6,6120
2025-05-01,Argentina,2285,2330700
2025-05-01,Bahamas,42,42840
2025-05-01,Bahrain,3650,3723000
2025-05-01,Bangladesh,3531,3601620
2025-05-01,Barbados,42,42840
2025-05-01,Belgium,13514,13784280
2025-05-01,Brazil,3389,3456780
2025-05-01,Chile,4087,4168740
2025-05-01,China,0,0
2025-05-01,Colombia,4151,4234020
2025-05-01,Croatia,3719,3793380
2025-05-01,Dominican Republic,9095,9276900
2025-05-01,El Salvador,0,0
2025-05-01,Finland,6599,6730980
2025-05-01,France,52021,53061420
2025-05-01,Germany,29212,29796240
2025-05-01,Haiti,6,6120
2025-05-01,India,14611,14903220
2025-05-01,Israel,0,0
2025-05-01,Italy,32046,32686920
2025-05-01,Jamaica,0,0
2025-05-01,Japan,25166,25669320
2025-05-01,Jordan,0,0
2025-05-01,Kuwait,3707,3781140
2025-05-01,Lithuania,7074,7215480
2025-05-01,Malaysia,0,0
2025-05-01,Malta,0,0
2025-05-01,Mauritania,0,0
2025-05-01,Mexico,0,0
2025-05-01,Netherlands,78927,80505540
2025-05-01,Nicaragua,0,0
2025-05-01,Pakistan,0,0
2025-05-01,Panama,1438,1466760
2025-05-01,Philippines,0,0
2025-05-01,Poland,21482,21911640
2025-05-01,Portugal,3499,3568980
2025-05-01,Russia,0,0
2025-05-01,Senegal,0,0
2025-05-01,Spain,15767,16082340
2025-05-01,Taiwan,13278,13543560
2025-05-01,Thailand,14381,14668620
2025-05-01,Turkiye,3509,3579180
2025-05-01,United Arab Emirates,0,0
2025-05-01,United Kingdom,7207,7351140
2025-06-01,Antigua and Barbuda,4,4080
2025-06-01,Argentina,10419,10627380
2025-06-01,Bahamas,38,38760
2025-06-01,Bahrain,7053,7194060
2025-06-01,Bangladesh,13697,13970940
2025-06-01,Barbados,44,44880
2025-06-01,Belgium,13585,13856700
2025-06-01,Brazil,4794,4889880
2025-06-01,Chile,10324,10530480
2025-06-01,China,0,0
2025-06-01,Colombia,3131,3193620
2025-06-01,Croatia,3666,3739320
2025-06-01,Dominican Republic,7695,7848900
2025-06-01,El Salvador,3559,3630180
2025-06-01,Finland,6469,6598380
2025-06-01,France,27282,27827640
2025-06-01,Germany,45727,46641540
2025-06-01,Haiti,9,9180
2025-06-01,India,14047,14327940
2025-06-01,Israel,0,0
2025-06-01,Italy,42300,43146000
2025-06-01,Jamaica,0,0
2025-06-01,Japan,17430,17778600
2025-06-01,Jordan,0,0
2025-06-01,Kuwait,4085,4166700
2025-06-01,Lithuania,3254,3319080
2025-06-01,Malaysia,0,0
2025-06-01,Malta,3722,3796440
2025-06-01,Mauritania,0,0
2025-06-01,Mexico,0,0
2025-06-01,Netherlands,62077,63318540
2025-06-01,Nicaragua,0,0
2025-06-01,Pakistan,0,0
2025-06-01,Panama,1975,2014500
2025-06-01,Philippines,0,0
2025-06-01,Poland,10808,11024160
2025-06-01,Portugal,6649,6781980
2025-06-01,Russia,0,0
2025-06-01,Senegal,0,0
2025-06-01,Spain,5263,5368260
2025-06-01,Taiwan,8813,8989260
2025-06-01,Thailand,0,0
2025-06-01,Turkiye,3272,3337440
2025-06-01,United Arab Emirates,0,0
2025-06-01,United Kingdom,7222,7366440
2025-07-01,Antigua and Barbuda,2,2040
2025-07-01,Argentina,10535,10745700
2025-07-01,Bahamas,49,49980
2025-07-01,Bahrain,3254,3319080
2025-07-01,Bangladesh,6940,7078800
2025-07-01,Barbados,68,69360
2025-07-01,Belgium,9738,9932760
2025-07-01,Brazil,11771,12006420
2025-07-01,Chile,6794,6929880
2025-07-01,China,0,0
2025-07-01,Colombia,2892,2949840
2025-07-01,Croatia,6240,6364800
2025-07-01,Dominican Republic,6110,6232200
2025-07-01,El Salvador,0,0
2025-07-01,Finland,3618,3690360
2025-07-01,France,10987,11206740
2025-07-01,Germany,35515,36225300
2025-07-01,Haiti,7,7140
2025-07-01,India,14519,14809380
2025-07-01,Israel,0,0
2025-07-01,Italy,24576,25067520
2025-07-01,Jamaica,273,278460
2025-07-01,Japan,17256,17601120
2025-07-01,Jordan,0,0
2025-07-01,Kuwait,0,0
2025-07-01,Lithuania,10731,10945620
2025-07-01,Malaysia,0,0
2025-07-01,Malta,0,0
2025-07-01,Mauritania,0,0
2025-07-01,Mexico,1501,1531020
2025-07-01,Netherlands,53830,54906600
2025-07-01,Nicaragua,0,0
2025-07-01,Pakistan,0,0
2025-07-01,Panama,1367,1394340
2025-07-01,Philippines,6869,7006380
2025-07-01,Poland,21201,21625020
2025-07-01,Portugal,3279,3344580
2025-07-01,Russia,0,0
2025-07-01,Senegal,2429,2477580
2025-07-01,Spain,39044,39824880
2025-07-01,Taiwan,16902,17240040
2025-07-01,Thailand,8289,8454780
2025-07-01,Turkiye,3620,3692400
2025-07-01,United Arab Emirates,0,0
2025-07-01,United Kingdom,3615,3687300
2025-08-01,Antigua and Barbuda,3,3060
2025-08-01,Argentina,0,0
2025-08-01,Bahamas,47,47940
2025-08-01,Bahrain,3583,3654660
2025-08-01,Bangladesh,3653,3726060
2025-08-01,Barbados,44,44880
2025-08-01,Belgium,17286,17631720
2025-08-01,Brazil,13460,13729200
2025-08-01,Chile,0,0
2025-08-01,China,0,0
2025-08-01,Colombia,994,1013880
2025-08-01,Croatia,0,0
2025-08-01,Dominican Republic,10546,10756920
2025-08-01,El Salvador,0,0
2025-08-01,Finland,0,0
2025-08-01,France,30288,30893760
2025-08-01,Germany,35236,35940720
2025-08-01,Haiti,9,9180
2025-08-01,India,14431,14719620
2025-08-01,Israel,0,0
2025-08-01,Italy,38641,39413820
2025-08-01,Jamaica,0,0
2025-08-01,Japan,14150,14433000
2025-08-01,Jordan,3521,3591420
2025-08-01,Kuwait,0,0
2025-08-01,Lithuania,3499,3568980
2025-08-01,Malaysia,0,0
2025-08-01,Malta,0,0
2025-08-01,Mauritania,0,0
2025-08-01,Mexico,3231,3295620
2025-08-01,Netherlands,70762,72177240
2025-08-01,Nicaragua,0,0
2025-08-01,Pakistan,0,0
2025-08-01,Panama,3028,3088560
2025-08-01,Philippines,0,0
2025-08-01,Poland,18397,18764940
2025-08-01,Portugal,10871,11088420
2025-08-01,Russia,0,0
2025-08-01,Senegal,2211,2255220
2025-08-01,Spain,34634,35326680
2025-08-01,Taiwan,13824,14100480
2025-08-01,Thailand,3860,3937200
2025-08-01,Turkiye,3470,3539400
2025-08-01,United Arab Emirates,0,0
2025-09-01,Antigua and Barbuda,0,0
2025-09-01,Argentina,0,0
2025-09-01,Bahamas,42,42840
2025-09-01,Bahrain,0,0
2025-09-01,Bangladesh,13236,13500720
2025-09-01,Barbados,39,39780
2025-09-01,Belgium,27746,28300920
2025-09-01,Brazil,10168,10371360
2025-09-01,Chile,3259,3324180
2025-09-01,China,546,556920
2025-09-01,Colombia,7323,7469460
2025-09-01,Croatia,3704,3778080
2025-09-01,Dominican Republic,7010,7150200
2025-09-01,El Salvador,0,0
2025-09-01,Finland,7329,7475580
2025-09-01,France,47403,48351060
2025-09-01,Germany,28307,28873140
2025-09-01,Haiti,8,8160
2025-09-01,India,18794,19169880
2025-09-01,Israel,0,0
2025-09-01,Italy,21220,21644400
2025-09-01,Jamaica,0,0
2025-09-01,Japan,21618,22050360
2025-09-01,Jordan,0,0
2025-09-01,Kuwait,0,0
2025-09-01,Lithuania,7339,7485780
2025-09-01,Malaysia,0,0
2025-09-01,Malta,0,0
2025-09-01,Mauritania,0,0
2025-09-01,Mexico,0,0
2025-09-01,Netherlands,68528,69898560
2025-09-01,Nicaragua,0,0
2025-09-01,Pakistan,0,0
2025-09-01,Panama,0,0
2025-09-01,Philippines,0,0
2025-09-01,Poland,10929,11147580
2025-09-01,Portugal,10822,11038440
2025-09-01,Russia,0,0
2025-09-01,Senegal,0,0
2025-09-01,Spain,28341,28907820
2025-09-01,Taiwan,17348,17694960
2025-09-01,Thailand,0,0
2025-09-01,Turkiye,0,0
2025-09-01,United Arab Emirates,2145,2187900
2025-09-01,United Kingdom,13947,14225940
2025-10-01,Antigua and Barbuda,3,3060
2025-10-01,Argentina,0,0
2025-10-01,Bahamas,31,31620
2025-10-01,Bahrain,0,0
2025-10-01,Bangladesh,3453,3522060
2025-10-01,Barbados,34,34680
2025-10-01,Belgium,35504,36214080
2025-10-01,Brazil,6898,7035960
2025-10-01,Chile,0,0
2025-10-01,China,0,0
2025-10-01,Colombia,0,0
2025-10-01,Croatia,5742,5856840
2025-10-01,Dominican Republic,7353,7500060
2025-10-01,El Salvador,3389,3456780
2025-10-01,Finland,0,0
2025-10-01,France,51899,52936980
2025-10-01,Germany,31236,31860720
2025-10-01,Haiti,9,9180
2025-10-01,India,10670,10883400
2025-10-01,Israel,0,0
2025-10-01,Italy,25039,25539780
2025-10-01,Jamaica,0,0
2025-10-01,Japan,34180,34863600
2025-10-01,Jordan,3609,3681180
2025-10-01,Kuwait,0,0
2025-10-01,Lithuania,10354,10561080
2025-10-01,Malaysia,0,0
2025-10-01,Malta,0,0
2025-10-01,Mauritania,0,0
2025-10-01,Mexico,0,0
2025-10-01,Netherlands,51931,52969620
2025-10-01,Nicaragua,0,0
2025-10-01,Pakistan,0,0
2025-10-01,Panama,3674,3747480
2025-10-01,Philippines,0,0
2025-10-01,Poland,24465,24954300
2025-10-01,Portugal,3499,3568980
2025-10-01,Russia,0,0
2025-10-01,Senegal,2089,2130780
2025-10-01,Spain,39655,40448100
2025-10-01,Taiwan,9065,9246300
2025-10-01,Thailand,7297,7442940
2025-10-01,Turkiye,24920,25418400
2025-10-01,United Arab Emirates,0,0
2025-10-01,United Kingdom,32428,33076560
2025-11-01,Antigua and Barbuda,3,3060
2025-11-01,Argentina,0,0
2025-11-01,Bahamas,29,29580
2025-11-01,Bahrain,0,0
2025-11-01,Bangladesh,0,0
2025-11-01,Barbados,65,66300
2025-11-01,Belgium,17877,18234540
2025-11-01,Brazil,13250,13515000
2025-11-01,Chile,3330,3396600
2025-11-01,China,0,0
2025-11-01,Colombia,1565,1596300
2025-11-01,Croatia,6941,7079820
2025-11-01,Dominican Republic,7398,7545960
2025-11-01,El Salvador,0,0
2025-11-01,Finland,3565,3636300
2025-11-01,France,37975,38734500
2025-11-01,Germany,31852,32489040
2025-11-01,Haiti,11,11220
2025-11-01,India,14346,14632920
2025-11-01,Israel,0,0
2025-11-01,Italy,24925,25423500
2025-11-01,Jamaica,2033,2073660
2025-11-01,Japan,28247,28811940
2025-11-01,Jordan,0,0
2025-11-01,Kuwait,0,0
2025-11-01,Lithuania,6853,6990060
2025-11-01,Malaysia,0,0
2025-11-01,Malta,0,0
2025-11-01,Mauritania,0,0
2025-11-01,Mexico,2733,2787660
2025-11-01,Netherlands,43564,44435280
2025-11-01,Nicaragua,0,0
2025-11-01,Pakistan,0,0
2025-11-01,Panama,0,0
2025-11-01,Philippines,3605,3677100
2025-11-01,Poland,14828,15124560
2025-11-01,Portugal,3504,3574080
2025-11-01,Russia,0,0
2025-11-01,Senegal,0,0
2025-11-01,Spain,22004,22444080
2025-11-01,Taiwan,11368,11595360
2025-11-01,Thailand,3681,3754620
2025-11-01,Turkiye,69616,71008320
2025-11-01,United Arab Emirates,0,0
2025-11-01,United Kingdom,60301,61507020
2025-12-01,Antigua and Barbuda,8,8160
2025-12-01,Argentina,0,0
2025-12-01,Bahamas,359,366180
2025-12-01,Bahrain,0,0
2025-12-01,Bangladesh,0,0
2025-12-01,Barbados,54,55080
2025-12-01,Belgium,17663,18016260
2025-12-01,Brazil,6416,6544320
2025-12-01,Chile,3451,3520020
2025-12-01,China,0,0
2025-12-01,Colombia,3486,3555720
2025-12-01,Croatia,10704,10918080
2025-12-01,Dominican Republic,7276,7421520
2025-12-01,El Salvador,0,0
2025-12-01,Finland,0,0
2025-12-01,France,38360,39127200
2025-12-01,Germany,45804,46720080
2025-12-01,Haiti,13,13260
2025-12-01,India,10828,11044560
2025-12-01,Israel,0,0
2025-12-01,Italy,39156,39939120
2025-12-01,Jamaica,0,0
2025-12-01,Japan,13659,13932180
2025-12-01,Jordan,0,0
2025-12-01,Kuwait,0,0
2025-12-01,Lithuania,3689,3762780
2025-12-01,Malaysia,0,0
2025-12-01,Malta,0,0
2025-12-01,Mauritania,0,0
2025-12-01,Mexico,0,0
2025-12-01,Netherlands,43494,44363880
2025-12-01,Nicaragua,0,0
2025-12-01,Pakistan,0,0
2025-12-01,Panama,0,0
2025-12-01,Philippines,0,0
2025-12-01,Poland,21747,22181940
2025-12-01,Portugal,3508,3578160
2025-12-01,Russia,0,0
2025-12-01,Senegal,1392,1419840
2025-12-01,Spain,32332,32978640
2025-12-01,Taiwan,14685,14978700
2025-12-01,Thailand,7401,7549020
2025-12-01,Turkiye,95685,97598700
2025-12-01,United Arab Emirates,0,0
2025-12-01,United Kingdom,67364,68711280
2026-01-01,Antigua and Barbuda,0,0
2026-01-01,Argentina,0,0
2026-01-01,Bahamas,574,585480
2026-01-01,Bahrain,0,0
2026-01-01,Bangladesh,0,0
2026-01-01,Barbados,56,57120
2026-01-01,Belgium,21153,21576060
2026-01-01,Brazil,3290,3355800
2026-01-01,Chile,0,0
2026-01-01,China,0,0
2026-01-01,Colombia,3651,3724020
2026-01-01,Croatia,9908,10106160
2026-01-01,Dominican Republic,4733,4827660
2026-01-01,El Salvador,0,0
2026-01-01,Finland,0,0
2026-01-01,France,45261,46166220
2026-01-01,Germany,23984,24463680
2026-01-01,Haiti,14,14280
2026-01-01,India,6867,7004340
2026-01-01,Israel,0,0
2026-01-01,Italy,35344,36050880
2026-01-01,Jamaica,72,73440
2026-01-01,Japan,3269,3334380
2026-01-01,Jordan,6961,7100220
2026-01-01,Kuwait,0,0
2026-01-01,Lithuania,7861,8018220
2026-01-01,Malaysia,0,0
2026-01-01,Malta,0,0
2026-01-01,Mauritania,0,0
2026-01-01,Mexico,0,0
2026-01-01,Netherlands,39137,39919740
2026-01-01,Nicaragua,0,0
2026-01-01,Pakistan,0,0
2026-01-01,Panama,3342,3408840
2026-01-01,Philippines,0,0
2026-01-01,Poland,23309,23775180
2026-01-01,Portugal,3212,3276240
2026-01-01,Russia,0,0
2026-01-01,Senegal,1775,1810500
2026-01-01,Spain,50155,51158100
2026-01-01,Taiwan,14240,14524800
2026-01-01,Thailand,0,0
2026-01-01,Turkiye,80985,82604700
2026-01-01,United Arab Emirates,0,0
2026-01-01,United Kingdom,92297,94142940
2026-02-01,Antigua and Barbuda,4,4080
2026-02-01,Argentina,0,0
2026-02-01,Bahamas,430,438600
2026-02-01,Bahrain,0,0
2026-02-01,Bangladesh,6642,6774840
2026-02-01,Barbados,50,51000
2026-02-01,Belgium,24867,25364340
2026-02-01,Brazil,3047,3107940
2026-02-01,Chile,3327,3393540
2026-02-01,China,509,519180
2026-02-01,Colombia,964,983280
2026-02-01,Croatia,6831,6967620
2026-02-01,Dominican Republic,6309,6435180
2026-02-01,El Salvador,0,0
2026-02-01,Finland,0,0
2026-02-01,France,32701,33355020
2026-02-01,Germany,35465,36174300
2026-02-01,Haiti,13,13260
2026-02-01,India,14432,14720640
2026-02-01,Indonesia,184,187680
2026-02-01,Israel,0,0
2026-02-01,Italy,21814,22250280
2026-02-01,Jamaica,3606,3678120
2026-02-01,Japan,6912,7050240
2026-02-01,Jordan,0,0
2026-02-01,Kuwait,0,0
2026-02-01,Lithuania,7289,7434780
2026-02-01,Malaysia,0,0
2026-02-01,Malta,0,0
2026-02-01,Mauritania,0,0
2026-02-01,Mexico,0,0
2026-02-01,Netherlands,56798,57933960
2026-02-01,Nicaragua,0,0
2026-02-01,Pakistan,0,0
2026-02-01,Panama,2707,2761140
2026-02-01,Philippines,0,0
2026-02-01,Poland,23459,23928180
2026-02-01,Portugal,7073,7214460
2026-02-01,Russia,0,0
2026-02-01,Senegal,0,0
2026-02-01,Spain,29733,30327660
2026-02-01,Taiwan,28331,28897620
2026-02-01,Thailand,7402,7550040
2026-02-01,Turkiye,34277,34962540
2026-02-01,United Arab Emirates,0,0
2026-02-01,United Kingdom,60432,61640640
